<?xml version="1.0" encoding="UTF-8"?>
<Window size="800,200" min_size="80,60" 
        caption="0,0,0,36" use_system_caption="false" snap_layout_menu="true" sys_menu="true" sys_menu_rect="0,0,36,36" 
        shadow_type="default" shadow_attached="true" layered_window="true" 
        alpha="255" size_box="4,4,4,4" icon="public/caption/logo.ico">
    <VBox bkcolor="bk_wnd_darkcolor" visible="true">    
        <!-- 标题栏区域 -->
        <HBox name="window_caption_bar" width="stretch" height="36" bkcolor="bk_wnd_lightcolor">
            <Control mouse="false"/>
			<Button height="32" width="40" name="actionbtn" margin="0,2,0,2" text="启动" border_size="1" border_color="#FF000000"/>
            <Button class="btn_wnd_fullscreen_11" height="32" width="40" name="fullscreenbtn" margin="0,2,0,2" tooltip_text="全屏，按ESC键可退出全屏"/>
            <Button class="btn_wnd_min_11" height="32" width="40" name="minbtn" margin="0,2,0,2" tooltip_text="最小化"/>
            <Box height="stretch" width="40" margin="0,2,0,2">
                <Button class="btn_wnd_max_11" height="32" width="stretch" name="maxbtn" tooltip_text="最大化"/>
                <Button class="btn_wnd_restore_11" height="32" width="stretch" name="restorebtn" visible="false" tooltip_text="还原"/>
            </Box>
            <Button class="btn_wnd_close_11" height="stretch" width="40" name="closebtn" margin="0,0,0,2" tooltip_text="关闭"/>
        </HBox>
        <!-- 工作区域，除了标题栏外的内容都放在这个大的Box区域 -->
        <Box>
            <VBox margin="0,0,0,0" valign="center" halign="center">
                <Label name="origin_text1" text="识别文本1" height="100%" width="100%" text_align="left,vcenter"/>
				<Label name="trans_text1" text="翻译文本1" height="100%" width="100%" text_align="left,vcenter"/>   
				<Label name="origin_text2" text="识别文本2" height="100%" width="100%" text_align="left,vcenter"/>   
				<Label name="trans_text2" text="翻译文本2" height="100%" width="100%" text_align="left,vcenter"/>   				
            </VBox>
        </Box>
    </VBox>
</Window>